{
  "items": [
    {
      "type": "folder",
      "ctime": 1735338867516,
      "path": "notas/1.Efemeras",
      "title": "Capturas rápidas e temporárias, Ideias iniciais e rascunhos,  Devem ser processadas ou descartadas em 1-2 dias"
    },
    {
      "type": "folder",
      "ctime": 1735338992459,
      "path": "notas/2.Referencia",
      "title": "Resumos de conteúdos externos, Citações e fontes bibliográficas, Funcionam como biblioteca pessoal de referências"
    },
    {
      "type": "folder",
      "ctime": 1735339024722,
      "path": "notas/3.Literatura",
      "title": "Anotações detalhadas de leituras, Insights principais de livros/artigos, Conexões com outras ideias"
    },
    {
      "type": "folder",
      "ctime": 1735339051809,
      "path": "notas/4.Permanentes",
      "title": "Ideias próprias já processadas, Pensamentos refinados e conectados, Base do conhecimento pessoal, Escritas para serem entendidas no futuro"
    }
  ]
}