{
  "collapse-filter": true,
  "search": "",
  "showTags": false,
  "showAttachments": false,
  "hideUnresolved": false,
  "showOrphans": true,
  "collapse-color-groups": false,
  "colorGroups": [
    {
      "query": "path:obsidian/livros",
      "color": {
        "a": 1,
        "rgb": 14701138
      }
    },
    {
      "query": "path:00 home",
      "color": {
        "a": 1,
        "rgb": 15507982
      }
    },
    {
      "query": "path:Leitura",
      "color": {
        "a": 1,
        "rgb": 14701138
      }
    },
    {
      "query": "path:obsidian/cursos  ",
      "color": {
        "a": 1,
        "rgb": 5431378
      }
    },
    {
      "query": "path:notas/3.Literatura  ",
      "color": {
        "a": 1,
        "rgb": 5431473
      }
    },
    {
      "query": "file:curso",
      "color": {
        "a": 1,
        "rgb": 5431378
      }
    },
    {
      "query": "path:obsidian/Lugares  ",
      "color": {
        "a": 1,
        "rgb": 4934631
      }
    },
    {
      "query": "path:Viagens",
      "color": {
        "a": 1,
        "rgb": 4934631
      }
    }
  ],
  "collapse-display": false,
  "showArrow": false,
  "textFadeMultiplier": -0.4,
  "nodeSizeMultiplier": 1.46536458333333,
  "lineSizeMultiplier": 1.69505208333333,
  "collapse-forces": false,
  "centerStrength": 0.403645833333333,
  "repelStrength": 11.5104166666667,
  "linkStrength": 1,
  "linkDistance": 286,
  "scale": 0.09895430218637531,
  "close": true
}