{
  "workspaces": {
    "home": {
      "main": {
        "id": "3bb12d470fcd0291",
        "type": "split",
        "children": [
          {
            "id": "ba2c73292dfe9269",
            "type": "tabs",
            "children": [
              {
                "id": "6e68083ee2ebb90f",
                "type": "leaf",
                "state": {
                  "type": "markdown",
                  "state": {
                    "file": "00. home.md",
                    "mode": "preview",
                    "backlinks": false,
                    "source": false
                  },
                  "icon": "lucide-file",
                  "title": "00. home"
                }
              }
            ]
          }
        ],
        "direction": "vertical"
      },
      "left": {
        "id": "64e5df844da43397",
        "type": "split",
        "children": [
          {
            "id": "404b714244a12346",
            "type": "tabs",
            "children": [
              {
                "id": "7408259d9b92b5f4",
                "type": "leaf",
                "state": {
                  "type": "file-explorer",
                  "state": {
                    "sortOrder": "alphabetical"
                  },
                  "icon": "lucide-folder-closed",
                  "title": "Explorador de arquivos"
                }
              },
              {
                "id": "42aa1a006d235dd3",
                "type": "leaf",
                "state": {
                  "type": "search",
                  "state": {
                    "query": "home",
                    "matchingCase": false,
                    "explainSearch": false,
                    "collapseAll": false,
                    "extraContext": false,
                    "sortOrder": "alphabetical"
                  },
                  "icon": "lucide-search",
                  "title": "Procurar"
                }
              },
              {
                "id": "22d0a714d8c44711",
                "type": "leaf",
                "state": {
                  "type": "tag",
                  "state": {
                    "sortOrder": "frequency",
                    "useHierarchy": true
                  },
                  "icon": "lucide-tags",
                  "title": "Tags"
                }
              },
              {
                "id": "657a8d230237b97d",
                "type": "leaf",
                "state": {
                  "type": "bookmarks",
                  "state": {},
                  "icon": "lucide-bookmark",
                  "title": "Marcadores"
                }
              }
            ]
          }
        ],
        "direction": "horizontal",
        "width": 212.5
      },
      "right": {
        "id": "61191f8ea8fb7606",
        "type": "split",
        "children": [
          {
            "id": "2b582d4eda7fc4ae",
            "type": "tabs",
            "dimension": 42.757821552723065,
            "children": [
              {
                "id": "c68b30aff7425cf7",
                "type": "leaf",
                "state": {
                  "type": "calendar",
                  "state": {},
                  "icon": "calendar-with-checkmark",
                  "title": "Calendar"
                }
              },
              {
                "id": "1c3844d586b24b77",
                "type": "leaf",
                "state": {
                  "type": "backlink",
                  "state": {
                    "collapseAll": false,
                    "extraContext": false,
                    "sortOrder": "alphabetical",
                    "showSearch": false,
                    "searchQuery": "",
                    "backlinkCollapsed": false,
                    "unlinkedCollapsed": true,
                    "file": "00. home.md"
                  },
                  "icon": "links-coming-in",
                  "title": "Backlinks"
                }
              },
              {
                "id": "846a64a002298046",
                "type": "leaf",
                "state": {
                  "type": "all-properties",
                  "state": {
                    "sortOrder": "frequency",
                    "showSearch": false,
                    "searchQuery": ""
                  },
                  "icon": "lucide-archive",
                  "title": "All properties"
                }
              },
              {
                "id": "7c6990b6bc9d96d5",
                "type": "leaf",
                "state": {
                  "type": "outline",
                  "state": {
                    "file": "00. home.md"
                  },
                  "icon": "lucide-list",
                  "title": "Sumário de 00. home"
                }
              },
              {
                "id": "98547174f7c75927",
                "type": "leaf",
                "state": {
                  "type": "reminder-list",
                  "state": {},
                  "icon": "clock",
                  "title": "Reminders"
                }
              },
              {
                "id": "cd86f4b94f86bab0",
                "type": "leaf",
                "state": {
                  "type": "todo",
                  "state": {},
                  "icon": "checkmark",
                  "title": "Todo List"
                }
              }
            ],
            "currentTab": 5
          },
          {
            "id": "696ef15a0b1d98e3",
            "type": "tabs",
            "dimension": 57.242178447276935,
            "children": [
              {
                "id": "27b1237851a78143",
                "type": "leaf",
                "state": {
                  "type": "graph",
                  "state": {},
                  "icon": "lucide-git-fork",
                  "title": "Visualização em gráfico"
                }
              }
            ]
          }
        ],
        "direction": "horizontal",
        "width": 606.5
      },
      "left-ribbon": {
        "hiddenItems": {
          "switcher:Abrir a troca rápida": false,
          "graph:Abrir visualização em gráfico": false,
          "canvas:Criar novo canvas": false,
          "command-palette:Abrir paleta de comandos": false,
          "workspaces:Gerenciar leiautes da área de trabalho": false,
          "zk-prefixer:Criar nova nota única": false,
          "audio-recorder:Começar/parar a gravação de áudio": false,
          "markdown-importer:Abrir importador Markdown": false,
          "templates:Inserir modelo": false,
          "random-note:Abrir nota aleatória": false,
          "daily-notes:Abrir a nota de hoje": false,
          "obsidian-full-calendar:Open Full Calendar": false,
          "homepage:Open homepage": false,
          "obsidian-statusbar-pomo:Start pomodoro": false,
          "status-bar-quote:Replace quote": false,
          "templater-obsidian:Templater": false,
          "obsidian-importer:Open Importer": false,
          "sync-google-calendar:Sync Google Calendar": false,
          "periodic-notes:Open today": false,
          "smart-connections:Open: View Smart Connections": false,
          "smart-connections:Open: Smart Chat Conversation": false
        }
      },
      "active": "6e68083ee2ebb90f",
      "mtime": "2025-01-24T13:54:51-03:00"
    }
  },
  "active": "home"
}