{
  "main": {
    "id": "3bb12d470fcd0291",
    "type": "split",
    "children": [
      {
        "id": "ba2c73292dfe9269",
        "type": "tabs",
        "children": [
          {
            "id": "6e68083ee2ebb90f",
            "type": "leaf",
            "state": {
              "type": "markdown",
              "state": {
                "file": "00. home.md",
                "mode": "preview",
                "source": false,
                "backlinks": false
              },
              "icon": "lucide-file",
              "title": "00. home"
            }
          },
          {
            "id": "5c6918cdda75b8bf",
            "type": "leaf",
            "state": {
              "type": "release-notes",
              "state": {
                "currentVersion": "1.11.5"
              },
              "icon": "lucide-book-up",
              "title": "Notas de Lançamento 1.11.5"
            }
          }
        ],
        "currentTab": 1
      }
    ],
    "direction": "vertical"
  },
  "left": {
    "id": "64e5df844da43397",
    "type": "split",
    "children": [
      {
        "id": "404b714244a12346",
        "type": "tabs",
        "children": [
          {
            "id": "7408259d9b92b5f4",
            "type": "leaf",
            "state": {
              "type": "file-explorer",
              "state": {
                "sortOrder": "alphabetical",
                "autoReveal": false
              },
              "icon": "lucide-folder-closed",
              "title": "Explorador de arquivos"
            }
          },
          {
            "id": "42aa1a006d235dd3",
            "type": "leaf",
            "state": {
              "type": "search",
              "state": {
                "query": "home",
                "matchingCase": false,
                "explainSearch": false,
                "collapseAll": false,
                "extraContext": false,
                "sortOrder": "alphabetical"
              },
              "icon": "lucide-search",
              "title": "Procurar"
            }
          },
          {
            "id": "22d0a714d8c44711",
            "type": "leaf",
            "state": {
              "type": "tag",
              "state": {
                "sortOrder": "frequency",
                "useHierarchy": true
              },
              "icon": "lucide-tags",
              "title": "Tags"
            }
          },
          {
            "id": "657a8d230237b97d",
            "type": "leaf",
            "state": {
              "type": "bookmarks",
              "state": {},
              "icon": "lucide-bookmark",
              "title": "Marcadores"
            }
          }
        ]
      }
    ],
    "direction": "horizontal",
    "width": 212.5
  },
  "right": {
    "id": "61191f8ea8fb7606",
    "type": "split",
    "children": [
      {
        "id": "2b582d4eda7fc4ae",
        "type": "tabs",
        "dimension": 42.757821552723065,
        "children": [
          {
            "id": "c68b30aff7425cf7",
            "type": "leaf",
            "state": {
              "type": "calendar",
              "state": {},
              "icon": "calendar-with-checkmark",
              "title": "Calendar"
            }
          },
          {
            "id": "1c3844d586b24b77",
            "type": "leaf",
            "state": {
              "type": "backlink",
              "state": {
                "collapseAll": false,
                "extraContext": false,
                "sortOrder": "alphabetical",
                "showSearch": false,
                "searchQuery": "",
                "backlinkCollapsed": false,
                "unlinkedCollapsed": true,
                "file": "00. home.md"
              },
              "icon": "links-coming-in",
              "title": "Backlinks"
            }
          },
          {
            "id": "846a64a002298046",
            "type": "leaf",
            "state": {
              "type": "all-properties",
              "state": {
                "sortOrder": "frequency",
                "showSearch": false,
                "searchQuery": ""
              },
              "icon": "lucide-archive",
              "title": "All properties"
            }
          },
          {
            "id": "7c6990b6bc9d96d5",
            "type": "leaf",
            "state": {
              "type": "outline",
              "state": {
                "file": "00. home.md",
                "followCursor": false,
                "showSearch": false,
                "searchQuery": ""
              },
              "icon": "lucide-list",
              "title": "Sumário de 00. home"
            }
          },
          {
            "id": "98547174f7c75927",
            "type": "leaf",
            "state": {
              "type": "reminder-list",
              "state": {},
              "icon": "clock",
              "title": "Reminders"
            }
          },
          {
            "id": "cd86f4b94f86bab0",
            "type": "leaf",
            "state": {
              "type": "todo",
              "state": {},
              "icon": "checkmark",
              "title": "Todo List"
            }
          }
        ],
        "currentTab": 5
      },
      {
        "id": "696ef15a0b1d98e3",
        "type": "tabs",
        "dimension": 57.242178447276935,
        "children": [
          {
            "id": "27b1237851a78143",
            "type": "leaf",
            "state": {
              "type": "graph",
              "state": {},
              "icon": "lucide-git-fork",
              "title": "Visualização em gráfico"
            }
          }
        ]
      }
    ],
    "direction": "horizontal",
    "width": 606.5
  },
  "left-ribbon": {
    "hiddenItems": {
      "bases:Criar nova base": false,
      "switcher:Abrir a troca rápida": false,
      "graph:Abrir visualização em gráfico": false,
      "canvas:Criar novo canvas": false,
      "command-palette:Abrir paleta de comandos": false,
      "workspaces:Gerenciar leiautes da área de trabalho": false,
      "zk-prefixer:Criar nova nota única": false,
      "audio-recorder:Começar/parar a gravação de áudio": false,
      "markdown-importer:Abrir importador Markdown": false,
      "templates:Inserir modelo": false,
      "random-note:Abrir nota aleatória": false,
      "daily-notes:Abrir a nota de hoje": false,
      "obsidian-full-calendar:Open Full Calendar": false,
      "homepage:Open homepage": false,
      "obsidian-statusbar-pomo:Start pomodoro": false,
      "status-bar-quote:Replace quote": false,
      "templater-obsidian:Templater": false,
      "obsidian-importer:Open Importer": false,
      "sync-google-calendar:Sync Google Calendar": false,
      "periodic-notes:Open today": false,
      "smart-connections:Open: View Smart Connections": false,
      "smart-connections:Open: Smart Chat Conversation": false
    }
  },
  "active": "5c6918cdda75b8bf",
  "lastOpenFiles": [
    "00. home.md",
    "obsidian/livros/Cavalo de Troia 4 - Nazaré.md",
    "obsidian/homepages/Leituras.md",
    "obsidian/homepages/Hábitos semanais.md",
    "obsidian/homepages/Cursos.md",
    "obsidian/livros/Menino de asas - Homero Homem - Coleção Vaga-Lume.md",
    "obsidian/livros/Star Wars - Marcas da Guerra - 1º da Trilogia Aftermath.md",
    "obsidian/livros/O livro do cemitério HQ vol.1.md",
    "obsidian/livros/Cavalo de Troia 5 - Cesareia.md",
    "obsidian/homepages/Projetos.md",
    "obsidian/projetos/Projeto SGRITAU.md",
    "obsidian/projetos/Projeto PRD-JUVO_PRD_IMPORT_API_SEGURADO.md",
    "obsidian/homepages/Tarefas.md",
    "obsidian/projetos/Projeto Teste.md",
    "obsidian/homepages/Viagens.md",
    "obsidian/homepages/Snippets.md",
    "obsidian/livros/Descobrindo o Método Zettelkasten - Como Organizar Pensamentos e Transformar Ideias em Ação (Descobrindo Técnicas de Estudo).md",
    "obsidian/livros/14 Hábitos de Desenvolvedores Altamente Produtivos.md",
    "obsidian/livros/Cavalo de Troia 3 - Saidan.md",
    "obsidian/livros/Cavalo de Troia 8 - Jordão.md",
    "obsidian/livros/Pare de se sabotar e dê a volta por cima - Como se livrar dos comportamentos que atrapalham sua vida.md",
    "obsidian/livros/Cavalo de Troia 7 - Nahum.md",
    "obsidian/livros/Cavalo de Troia 11 - O Diario de Eliseo.md",
    "Relatorio.md",
    "notas/3.Literatura/I.A. GENERATIVA - 04 -  - IA para UX & Design - Inteligência Artificial e UX - otimize a construção de um produto digital.md",
    "notas/3.Literatura/I.A. GENERATIVA - 03 -  - IA para UX & Design - ChatGPT - como construir prompts eficientes.md",
    "attachments/Pasted image 20250523213701.png",
    "attachments/Pasted image 20250523213624.png",
    "Sem título 3.canvas",
    "obsidian/Lugares",
    "attachments/Pasted image 20250509174800.png",
    "attachments/Pasted image 20250410002044.png",
    "attachments/Pasted image 20250410000952.png",
    "attachments/Pasted image 20250410000254.png",
    "attachments/Pasted image 20250213194558.png",
    "attachments/Pasted image 20250206224613.png",
    "Sem título 2.canvas",
    "Sem título 1.canvas",
    "Sem título.canvas",
    "attachments/Pasted image 20241216185847.png",
    "Sem título 8.canvas",
    "Sem título 4.canvas",
    "attachments/Pasted image 20250108232828.png",
    "notas/4.Permanentes",
    "notas/3.Literatura",
    "notas/2.Referencia",
    "notas/1.Efemeras",
    "Sem título 7.canvas",
    "Sem título 5.canvas",
    "attachments",
    "anotacoes",
    "obsidian/ccb",
    "Sem título 6.canvas"
  ]
}